customer_id,recency_days,frequency,monetary,cluster,persona
C00001,8,33,2939.85,2,Loyal
C00002,6,31,2898.23,2,Loyal
C00003,1,20,2368.43,3,Potential
C00004,3,23,2761.61,2,Loyal
C00005,7,42,3440.42,2,Loyal
C00006,1,32,3725.0099999999998,2,Loyal
C00007,4,32,3065.2799999999997,2,Loyal
C00008,8,30,4120.58,2,Loyal
C00009,3,39,3920.08,2,Loyal
C00010,6,16,2680.2599999999998,3,Potential
C00011,6,43,4181.45,2,Loyal
C00012,55,10,969.59,4,At Risk
C00013,31,29,3873.13,2,Loyal
C00014,11,27,2595.86,2,Loyal
C00015,19,17,1045.53,3,Potential
C00016,1,35,3376.28,2,Loyal
C00017,1,18,1323.37,3,Potential
C00018,40,10,688.02,4,At Risk
C00019,32,26,1798.69,3,Potential
C00020,14,6,595.12,4,At Risk
C00021,14,10,1372.6399999999999,3,Potential
C00022,8,20,2329.88,3,Potential
C00023,7,43,3521.78,2,Loyal
C00024,7,36,4666.03,2,Loyal
C00025,6,28,3123.4700000000003,2,Loyal
C00026,13,4,317.40999999999997,4,At Risk
C00027,10,10,618.1,3,Potential
C00028,26,17,1830.99,3,Potential
C00029,11,10,890.31,3,Potential
C00030,83,6,613.08,4,At Risk
C00031,4,17,1505.96,3,Potential
C00032,41,26,2853.12,2,Loyal
C00033,33,11,1603.79,3,Potential
C00034,1,32,3612.6,2,Loyal
C00035,7,5,675.21,3,Potential
C00036,46,11,1008.67,4,At Risk
C00037,14,23,2017.51,3,Potential
C00038,2,12,777.74,3,Potential
C00039,24,30,3252.84,2,Loyal
C00040,3,35,4159.05,2,Loyal
C00041,9,22,1730.94,3,Potential
C00042,83,7,1109.75,4,At Risk
C00043,12,13,928.45,3,Potential
C00044,9,26,1921.73,3,Potential
C00045,12,22,2339.84,3,Potential
C00046,48,18,1135.28,3,Potential
C00047,20,4,228.09,4,At Risk
C00048,2,3,166.33,4,At Risk
C00049,21,23,2034.52,3,Potential
C00050,2,26,2421.73,2,Loyal
C00051,1,11,701.89,3,Potential
C00052,11,9,252.23000000000002,4,At Risk
C00053,56,10,668.38,4,At Risk
C00054,34,30,3762.87,2,Loyal
C00055,5,28,3002.2,2,Loyal
C00056,70,7,466.91,4,At Risk
C00057,14,23,2451.49,3,Potential
C00058,4,31,2656.28,2,Loyal
C00059,4,60,6355.41,1,Champions
C00060,25,8,281.11,4,At Risk
C00061,7,31,3032.24,2,Loyal
C00062,7,27,2906.51,2,Loyal
C00063,6,60,7435.82,1,Champions
C00064,39,14,875.5699999999999,3,Potential
C00065,41,14,1143.3400000000001,3,Potential
C00066,16,27,2937.82,2,Loyal
C00067,7,7,1083.47,3,Potential
C00068,11,21,1304.76,3,Potential
C00069,1,64,7812.49,1,Champions
C00070,12,25,2107.11,3,Potential
C00071,87,2,121.53,4,At Risk
C00072,4,10,1109.47,3,Potential
C00073,13,12,1238.8799999999999,3,Potential
C00074,4,38,3584.5,2,Loyal
C00075,27,19,2067.17,3,Potential
C00076,88,2,163.13,4,At Risk
C00077,51,15,1150.92,3,Potential
C00078,39,18,1279.54,3,Potential
C00079,27,12,983.72,3,Potential
C00080,7,7,4263.94,3,Potential
C00081,1,67,5868.84,1,Champions
C00082,1,42,3500.55,2,Loyal
C00083,1,30,2849.91,2,Loyal
C00084,1,17,2147.2,3,Potential
C00085,5,9,994.27,3,Potential
C00086,42,14,1337.1100000000001,3,Potential
C00087,28,1,65.62,4,At Risk
C00088,3,47,5037.65,2,Loyal
C00089,3,21,1399.66,3,Potential
C00090,29,43,4353.39,2,Loyal
C00091,43,6,393.75,4,At Risk
C00092,1,22,1605.1299999999999,3,Potential
C00093,2,24,2003.83,3,Potential
C00094,103,9,1526.87,4,At Risk
C00095,5,69,7583.01,1,Champions
C00096,8,11,859.3100000000001,3,Potential
C00097,149,6,547.22,0,Hibernating
C00098,40,23,2241.94,3,Potential
C00099,6,17,1832.9299999999998,3,Potential
C00100,2,20,1268.23,3,Potential
C00101,2,20,1139.3600000000001,3,Potential
C00102,1,2,144.01,4,At Risk
C00103,15,9,798.14,3,Potential
C00104,9,14,1250.53,3,Potential
C00105,22,37,4557.49,2,Loyal
C00106,22,23,1778.79,3,Potential
C00107,6,28,2808.39,2,Loyal
C00108,13,13,1544.6,3,Potential
C00109,1,29,3707.04,2,Loyal
C00110,17,20,1963.31,3,Potential
C00111,8,18,1831.98,3,Potential
C00112,66,21,2102.84,3,Potential
C00113,23,16,1148.06,3,Potential
C00114,1,79,6873.46,1,Champions
C00115,7,11,795.63,3,Potential
C00116,260,1,58.09,0,Hibernating
C00117,8,25,3461.2400000000002,2,Loyal
C00118,27,16,1552.44,3,Potential
C00119,252,2,165.48000000000002,0,Hibernating
C00120,9,7,643.61,3,Potential
C00121,11,86,7979.14,1,Champions
C00122,34,14,1563.58,3,Potential
C00124,4,65,6572.0,1,Champions
C00125,46,5,437.83000000000004,4,At Risk
C00126,2,119,13576.31,1,Champions
C00127,26,15,879.0,3,Potential
C00128,4,62,8202.289999999999,1,Champions
C00129,10,15,1626.57,3,Potential
C00130,16,31,3913.25,2,Loyal
C00131,34,12,845.29,3,Potential
C00132,22,19,1802.3700000000001,3,Potential
C00133,54,22,2043.28,3,Potential
C00134,43,24,2957.36,3,Potential
C00135,13,19,2363.9700000000003,3,Potential
C00136,8,22,2296.69,3,Potential
C00137,17,15,1091.3,3,Potential
C00138,5,19,2808.25,3,Potential
C00139,2,54,5008.85,1,Champions
C00140,7,11,820.23,3,Potential
C00141,35,25,2406.45,3,Potential
C00142,18,44,4199.27,2,Loyal
C00143,8,24,2095.15,3,Potential
C00144,5,38,3754.88,2,Loyal
C00145,98,4,573.11,4,At Risk
C00146,6,23,1508.55,3,Potential
C00147,8,19,1490.45,3,Potential
C00148,23,17,1873.32,3,Potential
C00149,14,41,4766.44,2,Loyal
C00150,6,13,1913.01,3,Potential
C00151,4,20,1678.04,3,Potential
C00152,261,2,70.06,0,Hibernating
C00153,11,50,4055.84,2,Loyal
C00154,1,32,3460.0,2,Loyal
C00155,45,17,1871.52,3,Potential
C00156,2,16,1825.3,3,Potential
C00157,42,26,1677.23,3,Potential
C00158,8,48,6158.85,2,Loyal
C00159,9,40,4397.18,2,Loyal
C00160,13,23,2805.94,2,Loyal
C00161,17,26,1903.8600000000001,3,Potential
C00162,5,44,3542.31,2,Loyal
C00163,4,41,3589.55,2,Loyal
C00164,2,22,2693.87,3,Potential
C00165,12,35,3550.32,2,Loyal
C00166,25,35,3942.14,2,Loyal
C00167,5,27,3038.43,2,Loyal
C00168,38,7,943.0,4,At Risk
C00169,47,22,2703.38,3,Potential
C00170,62,9,801.3,4,At Risk
C00171,17,7,1007.23,3,Potential
C00172,18,30,1950.92,2,Loyal
C00173,22,32,4241.84,2,Loyal
C00174,2,27,2067.51,2,Loyal
C00175,11,26,2570.5,2,Loyal
C00176,20,29,2992.88,2,Loyal
C00177,9,67,7750.64,1,Champions
C00178,14,44,3788.18,2,Loyal
C00179,4,37,5172.22,2,Loyal
C00180,4,25,2427.46,2,Loyal
C00181,85,20,1459.93,4,At Risk
C00182,14,16,1453.67,3,Potential
C00183,12,29,3257.17,2,Loyal
C00184,20,13,1206.46,3,Potential
C00185,4,55,4834.35,1,Champions
C00186,88,13,941.89,4,At Risk
C00187,6,39,4053.96,2,Loyal
C00188,11,49,4445.34,2,Loyal
C00189,15,26,2585.61,2,Loyal
C00190,1,71,5784.22,1,Champions
C00191,10,2,71.36,4,At Risk
C00192,9,16,1520.92,3,Potential
C00193,14,50,4956.3,2,Loyal
C00194,198,5,487.5,0,Hibernating
C00195,57,10,730.86,4,At Risk
C00196,13,38,3532.9,2,Loyal
C00197,1,26,2247.45,2,Loyal
C00198,5,37,4271.71,2,Loyal
C00199,21,18,2102.88,3,Potential
C00200,18,25,3312.78,2,Loyal
C00201,30,15,1447.86,3,Potential
C00202,9,22,1964.09,3,Potential
C00203,5,12,1021.52,3,Potential
C00204,6,14,1125.52,3,Potential
C00205,12,40,3058.22,2,Loyal
C00206,160,3,317.76,0,Hibernating
C00207,76,1,129.34,4,At Risk
C00208,7,29,3072.33,2,Loyal
C00209,9,24,1955.96,3,Potential
C00210,2,37,2961.85,2,Loyal
C00211,30,16,1169.89,3,Potential
C00212,53,13,711.46,4,At Risk
C00213,27,19,2465.35,3,Potential
C00214,42,9,607.57,4,At Risk
C00215,67,5,708.25,4,At Risk
C00216,1,50,4063.46,2,Loyal
C00217,115,5,412.03,4,At Risk
C00218,5,11,1008.31,3,Potential
C00219,6,22,1994.65,3,Potential
C00220,4,40,3234.16,2,Loyal
C00221,43,7,461.74,4,At Risk
C00222,2,13,876.56,3,Potential
C00223,57,11,822.7900000000001,4,At Risk
C00224,15,18,1656.0500000000002,3,Potential
C00225,20,19,1305.8,3,Potential
C00226,3,32,3050.03,2,Loyal
C00227,19,31,4847.83,2,Loyal
C00228,36,12,947.36,3,Potential
C00229,17,63,6856.02,1,Champions
C00230,16,32,3090.29,2,Loyal
C00231,6,47,3293.63,2,Loyal
C00232,8,31,2431.63,2,Loyal
C00233,3,22,1592.8,3,Potential
C00234,16,6,739.95,3,Potential
C00235,69,6,391.34000000000003,4,At Risk
C00236,8,19,1552.29,3,Potential
C00237,3,45,4287.08,2,Loyal
C00238,2,19,1274.94,3,Potential
C00239,60,11,1087.74,4,At Risk
C00240,2,25,2210.02,3,Potential
C00241,6,56,5254.82,1,Champions
C00242,7,21,1533.29,3,Potential
C00243,4,18,2076.03,3,Potential
C00244,17,29,4219.51,2,Loyal
C00245,20,17,1308.58,3,Potential
C00246,36,18,2430.84,3,Potential
C00247,7,11,911.3,3,Potential
C00248,4,35,4542.71,2,Loyal
C00249,7,54,7553.25,1,Champions
C00250,5,16,2379.24,3,Potential
C00251,25,17,1747.09,3,Potential
C00252,37,5,971.63,4,At Risk
C00253,70,1,19.36,4,At Risk
C00254,3,47,5578.33,2,Loyal
C00255,1,13,1264.08,3,Potential
C00256,1,97,9435.42,1,Champions
C00257,5,11,540.6,3,Potential
C00258,21,5,1930.1200000000001,3,Potential
C00259,7,19,1325.36,3,Potential
C00260,7,24,2548.61,2,Loyal
C00261,19,34,3198.19,2,Loyal
C00262,11,32,2958.4,2,Loyal
C00263,84,4,614.58,4,At Risk
C00264,6,50,6698.73,1,Champions
C00265,7,46,5104.75,2,Loyal
C00266,23,50,4999.63,2,Loyal
C00267,8,28,2998.81,2,Loyal
C00268,2,12,690.99,3,Potential
C00269,2,14,1144.4099999999999,3,Potential
C00270,35,6,446.1,4,At Risk
C00271,12,18,987.26,3,Potential
C00272,176,1,174.74,0,Hibernating
C00273,145,2,39.54,0,Hibernating
C00274,5,23,2331.65,3,Potential
C00275,29,12,1239.95,3,Potential
C00276,10,28,2245.75,2,Loyal
C00277,9,30,3941.8,2,Loyal
C00278,91,22,1911.75,3,Potential
C00279,9,20,2061.6,3,Potential
C00280,15,12,1017.6,3,Potential
C00281,30,12,844.25,3,Potential
C00282,48,3,162.22,4,At Risk
C00283,32,11,723.13,4,At Risk
C00284,12,15,977.45,3,Potential
C00285,2,27,3577.02,2,Loyal
C00286,5,36,3550.57,2,Loyal
C00287,11,19,1383.61,3,Potential
C00288,1,35,2384.53,2,Loyal
C00289,46,5,306.07,4,At Risk
C00290,21,23,1936.93,3,Potential
C00291,6,22,2221.77,3,Potential
C00292,7,43,4101.05,2,Loyal
C00293,2,20,2170.33,3,Potential
C00294,21,14,944.75,3,Potential
C00295,11,29,2603.7799999999997,2,Loyal
C00296,2,5,283.98,4,At Risk
C00297,14,22,2061.63,3,Potential
C00298,215,5,473.64,0,Hibernating
C00299,5,46,4036.64,2,Loyal
C00300,7,16,1772.23,3,Potential
C00301,74,3,337.55,4,At Risk
C00302,13,9,507.81,4,At Risk
C00303,8,20,2405.4900000000002,3,Potential
C00304,16,31,2229.84,2,Loyal
C00305,3,40,3676.83,2,Loyal
C00306,53,9,2216.8,3,Potential
C00307,12,31,2653.17,2,Loyal
C00308,34,5,684.54,4,At Risk
C00309,58,5,235.14999999999998,4,At Risk
C00310,44,4,415.55,4,At Risk
C00311,2,7,827.9100000000001,3,Potential
C00312,16,29,2437.89,2,Loyal
C00313,87,9,1269.99,4,At Risk
C00314,13,15,1409.15,3,Potential
C00315,3,26,2556.42,2,Loyal
C00316,5,37,3314.2,2,Loyal
C00317,26,21,1515.94,3,Potential
C00318,132,6,411.32,4,At Risk
C00319,1,57,5230.38,1,Champions
C00320,42,8,631.95,4,At Risk
C00321,43,17,2051.1400000000003,3,Potential
C00322,3,13,1206.21,3,Potential
C00323,39,27,2905.86,2,Loyal
C00324,55,4,120.15,4,At Risk
C00325,4,90,10134.87,1,Champions
C00326,10,17,2259.58,3,Potential
C00327,9,24,1931.1,3,Potential
C00328,27,4,905.33,3,Potential
C00329,21,12,1244.78,3,Potential
C00330,8,67,7901.96,1,Champions
C00331,5,53,5356.5199999999995,1,Champions
C00332,10,25,1328.91,3,Potential
C00333,30,7,500.67,4,At Risk
C00334,3,45,3269.82,2,Loyal
C00335,33,3,305.74,4,At Risk
C00336,62,10,901.39,4,At Risk
C00337,2,22,1566.78,3,Potential
C00338,44,5,390.97,4,At Risk
C00339,1,13,722.22,3,Potential
C00340,1,21,1987.07,3,Potential
C00341,21,12,1638.1100000000001,3,Potential
C00342,1,38,4976.13,2,Loyal
C00343,9,72,9569.78,1,Champions
C00344,9,32,3934.9,2,Loyal
C00345,15,40,3417.45,2,Loyal
C00346,6,52,5108.75,1,Champions
C00347,22,14,1408.97,3,Potential
C00348,5,30,2848.66,2,Loyal
C00349,4,15,2251.72,3,Potential
C00350,6,29,2608.4,2,Loyal
C00351,1,36,3509.24,2,Loyal
C00352,9,7,753.24,3,Potential
C00353,219,1,393.55,0,Hibernating
C00354,32,12,883.53,3,Potential
C00355,13,47,4299.42,2,Loyal
C00356,58,10,1159.83,4,At Risk
C00357,5,50,4705.88,2,Loyal
C00358,28,10,1048.16,3,Potential
C00359,13,20,1933.22,3,Potential
C00360,5,27,2720.37,2,Loyal
C00361,12,3,404.33000000000004,4,At Risk
C00362,31,21,1157.89,3,Potential
C00363,112,3,215.29,4,At Risk
C00364,10,10,513.77,4,At Risk
C00365,11,19,1519.3,3,Potential
C00366,105,3,76.87,4,At Risk
C00367,15,11,1191.47,3,Potential
C00368,1,25,1909.83,3,Potential
C00369,64,11,1860.42,3,Potential
C00370,21,24,2050.71,3,Potential
C00371,1,21,1607.63,3,Potential
C00372,6,29,2318.54,2,Loyal
C00373,7,33,3969.55,2,Loyal
C00374,105,4,656.33,4,At Risk
C00375,5,45,6160.74,2,Loyal
C00376,14,5,674.78,4,At Risk
C00377,46,23,3076.5899999999997,3,Potential
C00378,18,61,5744.81,1,Champions
C00379,2,20,1274.74,3,Potential
C00380,2,15,1198.72,3,Potential
C00381,10,13,1253.3600000000001,3,Potential
C00382,5,57,6626.08,1,Champions
C00383,17,13,1065.8899999999999,3,Potential
C00384,11,36,3364.6,2,Loyal
C00385,18,43,4056.87,2,Loyal
C00386,9,39,4144.33,2,Loyal
C00387,1,31,2794.53,2,Loyal
C00388,1,27,3203.59,2,Loyal
C00389,14,8,614.65,4,At Risk
C00390,35,55,4669.86,1,Champions
C00391,28,26,2364.88,3,Potential
C00392,10,16,1070.7,3,Potential
C00393,2,9,1049.91,3,Potential
C00394,22,21,1525.66,3,Potential
C00395,26,22,2076.69,3,Potential
C00396,2,65,6871.69,1,Champions
C00397,10,30,3523.15,2,Loyal
C00398,2,15,1057.8600000000001,3,Potential
C00399,24,5,239.09,4,At Risk
C00400,80,6,442.65999999999997,4,At Risk
C00401,5,25,3757.7000000000003,2,Loyal
C00403,10,49,7947.2699999999995,1,Champions
C00404,8,42,3751.49,2,Loyal
C00405,17,6,645.35,4,At Risk
C00406,10,24,2628.78,2,Loyal
C00407,2,42,3973.63,2,Loyal
C00408,6,17,1451.05,3,Potential
C00409,35,17,1075.93,3,Potential
C00410,1,19,3354.45,2,Loyal
C00411,1,23,1939.3799999999999,3,Potential
C00412,36,9,768.78,4,At Risk
C00413,32,13,855.67,3,Potential
C00414,25,25,2641.85,2,Loyal
C00415,100,8,992.95,4,At Risk
C00416,11,6,406.32000000000005,4,At Risk
C00417,4,4,382.14,4,At Risk
C00418,13,15,1597.83,3,Potential
C00419,8,41,5282.43,2,Loyal
C00420,9,25,1997.95,3,Potential
C00421,20,7,828.73,3,Potential
C00422,20,12,550.34,4,At Risk
C00423,11,19,2646.51,3,Potential
C00424,5,70,7179.53,1,Champions
C00425,10,66,6947.91,1,Champions
C00426,8,72,7132.33,1,Champions
C00427,51,20,1480.67,3,Potential
C00428,1,118,11981.49,1,Champions
C00429,39,8,732.5899999999999,4,At Risk
C00430,4,12,1761.6599999999999,3,Potential
C00431,2,36,3143.49,2,Loyal
C00432,3,26,2986.06,2,Loyal
C00433,25,26,2669.72,2,Loyal
C00434,99,3,313.77,4,At Risk
C00435,5,15,2417.69,3,Potential
C00436,11,14,1871.73,3,Potential
C00437,26,3,206.22,4,At Risk
C00438,29,10,908.6800000000001,3,Potential
C00439,3,26,1326.59,3,Potential
C00440,9,38,4170.76,2,Loyal
C00441,100,4,334.18,4,At Risk
C00442,1,24,3248.36,2,Loyal
C00443,19,20,1676.63,3,Potential
C00444,34,31,3089.62,2,Loyal
C00445,19,12,1203.69,3,Potential
C00446,23,5,315.23,4,At Risk
C00447,2,41,4355.26,2,Loyal
C00448,7,12,1464.2,3,Potential
C00449,59,12,720.13,4,At Risk
C00450,28,8,621.09,4,At Risk
C00451,40,9,753.6700000000001,4,At Risk
C00452,3,31,3007.6,2,Loyal
C00453,3,23,2072.55,3,Potential
C00454,21,25,2627.39,2,Loyal
C00455,16,9,1270.9,3,Potential
C00456,122,9,1325.21,4,At Risk
C00457,18,21,1710.82,3,Potential
C00458,117,8,1194.5,4,At Risk
C00459,3,32,3740.79,2,Loyal
C00460,19,33,2964.38,2,Loyal
C00461,19,40,3896.21,2,Loyal
C00462,8,49,4823.07,2,Loyal
C00463,1,16,1564.42,3,Potential
C00464,8,24,2521.25,2,Loyal
C00465,17,20,1941.84,3,Potential
C00466,71,12,922.66,4,At Risk
C00467,22,13,1875.35,3,Potential
C00468,40,21,1890.8200000000002,3,Potential
C00469,14,31,3444.59,2,Loyal
C00470,15,19,1795.81,3,Potential
C00471,252,5,441.49,0,Hibernating
C00472,21,51,5649.849999999999,1,Champions
C00473,26,18,1645.69,3,Potential
C00474,16,27,1503.26,3,Potential
C00475,14,20,1472.55,3,Potential
C00476,11,20,1464.26,3,Potential
C00477,6,26,2302.91,2,Loyal
C00478,289,2,99.83,0,Hibernating
C00479,20,16,1426.74,3,Potential
C00480,41,13,1366.85,3,Potential
C00481,19,10,723.07,3,Potential
C00482,6,20,1707.68,3,Potential
C00483,7,64,7020.68,1,Champions
C00484,85,9,983.06,4,At Risk
C00485,44,19,1589.68,3,Potential
C00486,4,19,1960.03,3,Potential
C00487,9,50,6881.76,1,Champions
C00488,41,13,950.59,3,Potential
C00489,6,22,1902.9,3,Potential
C00490,9,12,1351.15,3,Potential
C00491,15,44,4384.74,2,Loyal
C00492,124,6,429.01,4,At Risk
C00493,4,32,2857.88,2,Loyal
C00494,3,27,2173.62,2,Loyal
C00495,67,20,1391.19,3,Potential
C00496,122,5,334.4,4,At Risk
C00497,5,14,1476.04,3,Potential
C00498,26,35,4256.83,2,Loyal
C00499,6,47,3701.66,2,Loyal
C00500,30,22,2321.25,3,Potential
C00501,1,35,2562.11,2,Loyal
C00502,19,23,2721.57,3,Potential
C00503,11,18,2183.96,3,Potential
C00504,14,18,1297.97,3,Potential
C00505,54,22,2919.29,3,Potential
C00506,6,27,3112.45,2,Loyal
C00507,47,34,3096.19,2,Loyal
C00508,49,5,452.42,4,At Risk
C00509,62,10,944.05,4,At Risk
C00510,126,3,329.13,4,At Risk
C00511,15,19,1281.32,3,Potential
C00512,35,9,540.16,4,At Risk
C00513,19,22,1954.66,3,Potential
C00514,10,26,1907.13,3,Potential
C00515,25,6,544.9300000000001,4,At Risk
C00516,31,20,2646.41,3,Potential
C00517,11,57,4804.99,1,Champions
C00518,1,20,1778.19,3,Potential
C00519,28,9,673.19,4,At Risk
C00520,12,38,3856.81,2,Loyal
C00521,23,38,3064.23,2,Loyal
C00522,22,15,1988.73,3,Potential
C00523,15,30,2707.4700000000003,2,Loyal
C00524,113,10,1104.96,4,At Risk
C00525,45,11,1614.12,3,Potential
C00526,20,7,411.27,4,At Risk
C00527,55,2,314.24,4,At Risk
C00528,16,26,2893.08,2,Loyal
C00529,134,6,764.63,4,At Risk
C00530,9,21,2358.27,3,Potential
C00531,6,27,1906.22,3,Potential
C00532,9,16,2107.16,3,Potential
C00533,36,14,765.6600000000001,4,At Risk
C00534,2,19,1933.16,3,Potential
C00535,11,7,846.94,3,Potential
C00536,8,44,3773.69,2,Loyal
C00537,31,13,1126.84,3,Potential
C00538,11,15,1050.02,3,Potential
C00539,48,9,915.75,4,At Risk
C00540,60,44,3677.27,2,Loyal
C00541,53,10,1319.02,3,Potential
C00542,11,16,1724.41,3,Potential
C00543,4,31,2732.12,2,Loyal
C00544,39,19,1423.06,3,Potential
C00545,3,2,28.07,4,At Risk
C00546,5,31,3508.63,2,Loyal
C00547,2,11,1315.23,3,Potential
C00548,16,34,3783.17,2,Loyal
C00549,6,18,2272.97,3,Potential
C00550,36,26,2194.79,3,Potential
C00551,6,45,5242.91,2,Loyal
C00552,50,22,1764.68,3,Potential
C00553,22,30,2504.2799999999997,2,Loyal
C00554,12,29,2865.0,2,Loyal
C00555,17,10,620.47,4,At Risk
C00556,2,30,2100.78,2,Loyal
C00557,32,18,1775.23,3,Potential
C00558,20,14,4034.14,3,Potential
C00559,4,23,2125.24,3,Potential
C00560,28,16,2736.52,3,Potential
C00561,78,9,589.37,4,At Risk
C00562,32,21,997.87,3,Potential
C00563,79,11,1157.82,4,At Risk
C00564,10,19,1459.57,3,Potential
C00565,17,17,1587.45,3,Potential
C00567,46,10,871.13,4,At Risk
C00568,3,50,6358.41,1,Champions
C00569,5,52,5029.54,1,Champions
C00570,5,22,2219.32,3,Potential
C00571,41,23,2102.2,3,Potential
C00572,5,2,69.91,4,At Risk
C00573,9,16,1532.53,3,Potential
C00574,18,40,4123.45,2,Loyal
C00575,54,10,673.0,4,At Risk
C00576,6,51,5235.97,1,Champions
C00577,27,25,2021.81,3,Potential
C00578,73,12,850.97,4,At Risk
C00579,29,24,2706.88,3,Potential
C00580,4,46,3650.65,2,Loyal
C00581,17,6,428.54,4,At Risk
C00582,30,14,1205.67,3,Potential
C00583,93,2,189.74,4,At Risk
C00584,34,13,867.81,3,Potential
C00585,7,62,5454.38,1,Champions
C00586,31,15,1461.38,3,Potential
C00587,33,4,170.61,4,At Risk
C00588,58,6,504.37000000000006,4,At Risk
C00589,21,4,442.03999999999996,4,At Risk
C00590,2,19,2302.68,3,Potential
C00591,10,30,3643.25,2,Loyal
C00592,2,36,3521.13,2,Loyal
C00593,1,33,4460.75,2,Loyal
C00594,2,7,982.14,3,Potential
C00595,3,26,2049.5,3,Potential
C00596,9,25,1533.22,3,Potential
C00597,12,33,3872.2400000000002,2,Loyal
C00598,2,31,2562.54,2,Loyal
C00599,4,60,7395.6,1,Champions
C00600,50,10,710.0899999999999,4,At Risk
C00601,36,5,449.08000000000004,4,At Risk
C00602,10,22,2379.07,3,Potential
C00603,3,17,1388.58,3,Potential
C00604,30,9,749.19,4,At Risk
C00605,72,5,859.47,4,At Risk
C00606,13,20,2162.52,3,Potential
C00607,5,10,557.4,3,Potential
C00608,71,8,551.21,4,At Risk
C00609,99,3,257.36,4,At Risk
C00611,8,45,3810.34,2,Loyal
C00612,5,47,5563.66,2,Loyal
C00613,5,32,3400.8,2,Loyal
C00614,18,29,2453.52,2,Loyal
C00615,11,10,970.12,3,Potential
C00616,24,24,2615.78,3,Potential
C00617,119,9,678.6700000000001,4,At Risk
C00618,26,17,1642.87,3,Potential
C00619,50,8,1086.95,4,At Risk
C00620,7,31,2562.46,2,Loyal
C00621,18,51,4698.15,2,Loyal
C00622,2,10,849.55,3,Potential
C00623,8,11,1248.08,3,Potential
C00624,18,23,2730.31,3,Potential
C00625,295,2,225.23,0,Hibernating
C00626,38,3,208.84,4,At Risk
C00627,27,37,2453.06,2,Loyal
C00628,15,27,3484.95,2,Loyal
C00629,4,15,2204.39,3,Potential
C00630,12,20,1244.86,3,Potential
C00631,71,10,1074.95,4,At Risk
C00632,23,27,1835.77,3,Potential
C00633,3,9,709.87,3,Potential
C00634,40,9,755.37,4,At Risk
C00635,2,28,2338.95,2,Loyal
C00636,7,31,2427.07,2,Loyal
C00637,4,45,4557.3,2,Loyal
C00638,10,17,1107.6399999999999,3,Potential
C00639,28,15,2146.96,3,Potential
C00640,7,46,4623.2300000000005,2,Loyal
C00641,15,16,1867.97,3,Potential
C00642,19,1,138.37,4,At Risk
C00643,3,51,5332.0,1,Champions
C00644,14,21,3243.69,2,Loyal
C00645,3,19,3539.3199999999997,2,Loyal
C00646,5,41,4515.57,2,Loyal
C00647,9,11,1244.64,3,Potential
C00648,36,3,278.35,4,At Risk
C00649,3,39,4038.47,2,Loyal
C00650,13,16,1518.1,3,Potential
C00651,62,14,1014.6800000000001,4,At Risk
C00652,176,2,153.48000000000002,0,Hibernating
C00653,2,21,2093.2000000000003,3,Potential
C00655,5,51,5411.18,1,Champions
C00656,24,11,1483.09,3,Potential
C00657,53,31,2276.05,2,Loyal
C00658,27,22,2454.0299999999997,3,Potential
C00659,21,62,6609.49,1,Champions
C00660,5,26,2297.87,2,Loyal
C00661,8,50,4519.42,2,Loyal
C00662,5,13,1792.24,3,Potential
C00663,110,2,72.51,4,At Risk
C00664,6,34,3945.55,2,Loyal
C00665,74,3,220.07,4,At Risk
C00666,4,35,3489.5299999999997,2,Loyal
C00667,2,12,1327.49,3,Potential
C00668,12,19,2298.31,3,Potential
C00669,14,69,6100.2699999999995,1,Champions
C00670,21,37,3612.36,2,Loyal
C00671,3,15,945.96,3,Potential
C00672,18,23,2430.56,3,Potential
C00673,10,11,1039.92,3,Potential
C00674,2,83,7851.2,1,Champions
C00675,22,15,1214.57,3,Potential
C00676,1,22,2475.28,3,Potential
C00677,3,33,3658.6,2,Loyal
C00678,21,29,2444.13,2,Loyal
C00679,15,32,2384.68,2,Loyal
C00680,9,18,1405.3799999999999,3,Potential
C00681,4,16,1375.23,3,Potential
C00682,10,40,2747.39,2,Loyal
C00683,7,38,3809.4,2,Loyal
C00684,36,13,945.7900000000001,3,Potential
C00685,6,43,4954.95,2,Loyal
C00686,6,38,4509.77,2,Loyal
C00687,6,38,3285.22,2,Loyal
C00688,11,3,573.8,4,At Risk
C00689,9,24,2803.92,2,Loyal
C00690,46,21,3454.87,3,Potential
C00691,5,53,6576.08,1,Champions
C00692,3,18,1831.86,3,Potential
C00693,1,21,2608.52,3,Potential
C00694,3,11,576.37,3,Potential
C00695,2,16,2280.51,3,Potential
C00696,1,47,4817.71,2,Loyal
C00697,6,29,2608.58,2,Loyal
C00698,14,72,6098.55,1,Champions
C00699,45,14,1205.41,3,Potential
C00700,51,6,564.72,4,At Risk
C00701,69,16,2014.41,3,Potential
C00702,11,17,1986.54,3,Potential
C00703,13,36,3600.12,2,Loyal
C00704,17,31,2449.39,2,Loyal
C00705,40,18,1423.85,3,Potential
C00706,4,75,8475.96,1,Champions
C00707,6,47,3801.1,2,Loyal
C00708,105,4,185.48,4,At Risk
C00709,20,43,3554.56,2,Loyal
C00710,27,23,2032.9,3,Potential
C00711,14,19,2146.2400000000002,3,Potential
C00712,12,48,5680.9,2,Loyal
C00713,38,8,791.0799999999999,4,At Risk
C00714,2,36,4020.86,2,Loyal
C00715,3,29,3557.0,2,Loyal
C00716,74,12,1234.4499999999998,4,At Risk
C00717,5,5,402.56,4,At Risk
C00718,39,14,2078.58,3,Potential
C00719,3,31,3213.98,2,Loyal
C00720,3,18,1679.6,3,Potential
C00721,2,40,4031.31,2,Loyal
C00722,4,25,3024.6,2,Loyal
C00723,2,43,4382.59,2,Loyal
C00724,23,9,1104.73,3,Potential
C00725,23,28,2552.72,2,Loyal
C00726,11,16,1975.67,3,Potential
C00727,62,18,1506.5900000000001,3,Potential
C00728,26,21,1978.15,3,Potential
C00729,3,31,3438.17,2,Loyal
C00730,8,10,663.4200000000001,3,Potential
C00731,4,30,2261.2599999999998,2,Loyal
C00732,57,17,1895.29,3,Potential
C00733,285,3,359.53,0,Hibernating
C00734,49,3,318.37,4,At Risk
C00735,4,39,4688.29,2,Loyal
C00736,29,16,1863.1000000000001,3,Potential
C00737,31,6,626.15,4,At Risk
C00738,10,65,6650.03,1,Champions
C00739,10,26,2730.64,2,Loyal
C00740,25,27,2969.75,2,Loyal
C00741,3,17,986.43,3,Potential
C00742,119,5,478.98,4,At Risk
C00743,11,18,1410.28,3,Potential
C00744,20,15,1669.69,3,Potential
C00745,24,4,210.12,4,At Risk
C00746,10,2,59.739999999999995,4,At Risk
C00747,4,10,1112.75,3,Potential
C00748,24,2,196.70999999999998,4,At Risk
C00749,11,13,1373.15,3,Potential
C00750,4,26,1520.48,3,Potential
C00751,1,27,3487.44,2,Loyal
C00752,11,16,1683.33,3,Potential
C00753,1,24,2993.63,2,Loyal
C00754,6,35,3634.82,2,Loyal
C00755,191,1,125.92,0,Hibernating
C00756,4,24,3824.37,2,Loyal
C00757,21,36,3378.21,2,Loyal
C00758,9,14,1485.98,3,Potential
C00759,4,34,3967.6,2,Loyal
C00760,106,12,1070.16,4,At Risk
C00761,15,23,2466.84,3,Potential
C00762,10,22,1615.47,3,Potential
C00763,2,9,1223.95,3,Potential
C00764,16,9,583.99,4,At Risk
C00765,4,58,5641.8,1,Champions
C00766,9,27,2573.16,2,Loyal
C00767,18,12,1320.27,3,Potential
C00768,9,17,1319.97,3,Potential
C00769,126,11,567.54,4,At Risk
C00770,23,23,2712.02,3,Potential
C00771,4,7,515.1999999999999,4,At Risk
C00772,27,14,1080.73,3,Potential
C00773,8,8,792.56,3,Potential
C00774,12,32,4248.85,2,Loyal
C00775,5,19,2122.67,3,Potential
C00776,1,24,1763.3,3,Potential
C00777,39,5,233.72,4,At Risk
C00778,18,12,1171.98,3,Potential
C00779,84,15,2133.17,3,Potential
C00780,49,5,473.89,4,At Risk
C00781,4,19,1131.72,3,Potential
C00782,76,18,1089.74,4,At Risk
C00783,17,8,1170.75,3,Potential
C00784,1,43,4669.15,2,Loyal
C00785,16,21,1979.67,3,Potential
C00786,25,21,2504.81,3,Potential
C00787,39,13,1527.52,3,Potential
C00788,20,4,339.75,4,At Risk
C00789,4,35,3577.2200000000003,2,Loyal
C00790,17,12,1033.86,3,Potential
C00791,24,7,609.91,4,At Risk
C00792,21,12,1613.1,3,Potential
C00793,25,29,3062.87,2,Loyal
C00794,14,21,1855.04,3,Potential
C00795,29,6,583.6700000000001,4,At Risk
C00796,38,44,4643.03,2,Loyal
C00797,182,2,119.30000000000001,0,Hibernating
C00798,1,58,5541.87,1,Champions
C00799,9,23,2892.4,2,Loyal
C00800,40,14,1952.0,3,Potential
C00801,13,12,1249.34,3,Potential
C00802,15,16,1501.8500000000001,3,Potential
C00803,28,36,3701.9700000000003,2,Loyal
C00804,46,5,664.9300000000001,4,At Risk
C00805,51,14,1602.29,3,Potential
C00806,29,19,2048.25,3,Potential
C00807,9,44,4447.14,2,Loyal
C00808,27,39,3466.21,2,Loyal
C00809,6,60,6692.97,1,Champions
C00810,1,39,2904.83,2,Loyal
C00811,5,11,393.48,4,At Risk
C00812,14,21,1493.55,3,Potential
C00813,11,52,4281.73,1,Champions
C00814,2,28,2772.33,2,Loyal
C00815,33,17,1808.92,3,Potential
C00816,3,27,2950.73,2,Loyal
C00817,7,14,2328.36,3,Potential
C00818,10,3,132.60999999999999,4,At Risk
C00819,11,27,1920.95,3,Potential
C00820,10,24,2380.5,3,Potential
C00821,5,14,742.33,3,Potential
C00822,19,30,3072.75,2,Loyal
C00823,14,14,975.0,3,Potential
C00824,17,26,2446.19,2,Loyal
C00825,6,38,3388.32,2,Loyal
C00826,5,84,8730.28,1,Champions
C00827,10,17,1864.32,3,Potential
C00828,3,48,4747.62,2,Loyal
C00829,7,19,1758.88,3,Potential
C00830,31,30,2694.77,2,Loyal
C00831,45,22,2845.82,3,Potential
C00832,16,25,2357.66,3,Potential
C00833,29,25,2350.56,3,Potential
C00834,28,49,4644.76,2,Loyal
C00835,13,12,1698.16,3,Potential
C00836,39,5,456.3,4,At Risk
C00837,17,9,462.34000000000003,4,At Risk
C00838,50,15,1731.69,3,Potential
C00839,26,16,1785.98,3,Potential
C00840,25,21,1359.21,3,Potential
C00841,93,8,1359.83,4,At Risk
C00842,8,20,1854.0,3,Potential
C00843,82,10,1268.94,4,At Risk
C00844,10,16,1606.07,3,Potential
C00845,1,81,9146.09,1,Champions
C00846,59,17,1310.79,3,Potential
C00847,14,19,1511.82,3,Potential
C00848,258,3,609.72,0,Hibernating
C00849,11,77,6686.34,1,Champions
C00850,5,31,4589.4,2,Loyal
C00851,11,14,1574.83,3,Potential
C00853,24,14,1337.7,3,Potential
C00854,2,21,1437.08,3,Potential
C00855,52,12,1795.1,3,Potential
C00856,53,6,484.78999999999996,4,At Risk
C00857,17,8,1484.78,3,Potential
C00858,5,60,7013.2300000000005,1,Champions
C00859,5,27,2286.57,2,Loyal
C00860,17,15,777.03,3,Potential
C00861,35,15,1986.54,3,Potential
C00862,3,16,1535.04,3,Potential
C00863,295,2,223.25,0,Hibernating
C00864,15,49,4748.13,2,Loyal
C00865,19,18,1888.74,3,Potential
C00866,2,31,2554.98,2,Loyal
C00867,3,62,5727.12,1,Champions
C00868,345,1,51.52,0,Hibernating
C00869,33,3,204.44,4,At Risk
C00870,36,27,1601.34,3,Potential
C00871,1,42,4713.99,2,Loyal
C00872,92,8,575.22,4,At Risk
C00873,29,13,1094.06,3,Potential
C00874,2,30,3937.38,2,Loyal
C00875,3,79,8910.14,1,Champions
C00876,1,19,1839.8700000000001,3,Potential
C00877,110,6,327.21,4,At Risk
C00878,27,14,2067.9500000000003,3,Potential
C00879,19,23,4071.7599999999998,2,Loyal
C00880,16,43,3998.19,2,Loyal
C00881,3,92,7730.95,1,Champions
C00882,7,22,2787.27,3,Potential
C00883,35,23,2489.67,3,Potential
C00884,6,51,4937.32,1,Champions
C00885,14,20,2289.78,3,Potential
C00886,3,23,2014.58,3,Potential
C00887,4,49,5880.16,2,Loyal
C00888,5,22,1796.36,3,Potential
C00889,13,7,809.79,3,Potential
C00890,2,49,4388.02,2,Loyal
C00891,228,2,93.87,0,Hibernating
C00892,8,38,3723.24,2,Loyal
C00893,4,24,1694.14,3,Potential
C00894,15,17,2860.5,3,Potential
C00895,27,12,1730.86,3,Potential
C00896,19,19,2454.71,3,Potential
C00897,27,15,1252.8899999999999,3,Potential
C00898,21,31,2270.29,2,Loyal
C00899,2,11,1278.3000000000002,3,Potential
C00900,4,17,1466.1200000000001,3,Potential
C00901,56,4,430.09000000000003,4,At Risk
C00902,11,24,2921.7400000000002,2,Loyal
C00903,68,10,1115.72,4,At Risk
C00904,21,32,3440.43,2,Loyal
C00905,6,15,1522.9,3,Potential
C00906,1,40,4269.09,2,Loyal
C00907,5,27,4279.85,2,Loyal
C00908,7,39,3689.12,2,Loyal
C00909,3,19,1254.3600000000001,3,Potential
C00910,11,19,3118.3599999999997,3,Potential
C00911,12,23,2008.6100000000001,3,Potential
C00912,5,20,2600.95,3,Potential
C00913,6,10,1370.78,3,Potential
C00914,5,9,703.31,3,Potential
C00915,4,15,1910.11,3,Potential
C00916,272,5,425.51,0,Hibernating
C00917,26,4,194.17000000000002,4,At Risk
C00918,30,10,969.15,3,Potential
C00919,2,36,2360.31,2,Loyal
C00920,12,26,2521.37,2,Loyal
C00921,11,30,2508.0,2,Loyal
C00922,19,9,1202.5,3,Potential
C00923,14,33,2954.75,2,Loyal
C00924,40,5,365.59000000000003,4,At Risk
C00925,137,6,605.29,4,At Risk
C00926,15,34,4394.91,2,Loyal
C00927,5,21,2234.2200000000003,3,Potential
C00928,12,37,3399.61,2,Loyal
C00929,7,23,2601.26,3,Potential
C00930,23,8,563.49,4,At Risk
C00931,93,5,206.26,4,At Risk
C00932,22,2,93.78,4,At Risk
C00933,6,57,4948.78,1,Champions
C00934,170,2,137.5,0,Hibernating
C00935,35,41,3681.9300000000003,2,Loyal
C00936,26,17,2579.78,3,Potential
C00937,2,18,1557.96,3,Potential
C00938,46,24,3044.1,3,Potential
C00939,30,31,3001.73,2,Loyal
C00940,140,7,244.29000000000002,0,Hibernating
C00941,175,2,177.11,0,Hibernating
C00942,16,10,598.4200000000001,4,At Risk
C00943,10,27,2675.58,2,Loyal
C00944,84,7,667.14,4,At Risk
C00945,18,38,3596.27,2,Loyal
C00946,6,27,3731.49,2,Loyal
C00947,50,8,882.4399999999999,4,At Risk
C00948,10,24,2795.88,2,Loyal
C00949,55,15,1502.08,3,Potential
C00950,8,33,3074.43,2,Loyal
C00951,20,29,2530.13,2,Loyal
C00952,137,7,410.1,0,Hibernating
C00953,15,39,4162.29,2,Loyal
C00954,2,44,5153.78,2,Loyal
C00955,21,6,544.31,4,At Risk
C00956,75,4,65.46,4,At Risk
C00957,6,39,5639.91,2,Loyal
C00958,6,13,1001.48,3,Potential
C00959,1,47,4611.95,2,Loyal
C00960,21,47,5068.53,2,Loyal
C00961,21,9,429.54,4,At Risk
C00962,190,3,275.7,0,Hibernating
C00963,28,12,1619.65,3,Potential
C00964,42,2,40.3,4,At Risk
C00965,41,2,189.74,4,At Risk
C00966,61,8,1028.31,4,At Risk
C00967,1,67,7234.57,1,Champions
C00968,2,18,1553.89,3,Potential
C00969,7,14,1078.1100000000001,3,Potential
C00970,24,7,1010.7,3,Potential
C00971,24,7,526.62,4,At Risk
C00972,11,20,1509.18,3,Potential
C00973,66,15,1426.65,3,Potential
C00974,2,11,836.52,3,Potential
C00975,10,21,1892.77,3,Potential
C00976,1,16,1590.6599999999999,3,Potential
C00977,20,30,3866.4700000000003,2,Loyal
C00978,11,11,715.68,3,Potential
C00979,3,60,6471.04,1,Champions
C00980,6,37,3354.37,2,Loyal
C00981,1,31,1761.6299999999999,2,Loyal
C00982,4,28,3742.1,2,Loyal
C00983,46,8,418.74,4,At Risk
C00984,6,25,2712.68,2,Loyal
C00985,4,15,926.73,3,Potential
C00986,24,12,1875.66,3,Potential
C00987,162,6,468.83,0,Hibernating
C00988,2,32,2373.9,2,Loyal
C00989,8,40,2616.27,2,Loyal
C00990,14,24,2938.57,2,Loyal
C00991,3,20,1582.69,3,Potential
C00992,13,72,7256.61,1,Champions
C00993,12,12,1089.7,3,Potential
C00994,3,25,1952.18,3,Potential
C00995,1,46,4342.5,2,Loyal
C00996,28,8,441.72,4,At Risk
C00997,7,45,5137.08,2,Loyal
C00998,6,56,5849.66,1,Champions
C00999,5,17,1466.42,3,Potential
C01000,4,27,1980.3899999999999,2,Loyal
C01001,15,14,1964.21,3,Potential
C01002,9,37,2718.42,2,Loyal
C01003,18,8,653.87,4,At Risk
C01004,10,11,963.75,3,Potential
C01005,119,2,161.0,4,At Risk
C01006,53,3,116.53,4,At Risk
C01007,14,11,1497.29,3,Potential
C01008,1,22,2229.01,3,Potential
C01009,3,13,1505.19,3,Potential
C01010,9,31,2386.63,2,Loyal
C01011,3,45,4654.25,2,Loyal
C01012,14,25,2864.38,2,Loyal
C01013,3,42,5249.46,2,Loyal
C01014,44,11,1118.65,3,Potential
C01015,35,6,1361.2299999999998,3,Potential
C01016,14,27,2585.68,2,Loyal
C01017,57,6,210.92000000000002,4,At Risk
C01018,84,6,988.31,4,At Risk
C01019,1,113,10673.1,1,Champions
C01020,58,20,1369.58,3,Potential
C01021,18,21,1937.98,3,Potential
C01022,3,11,842.72,3,Potential
C01023,27,3,193.41000000000003,4,At Risk
C01024,17,31,3100.71,2,Loyal
C01025,7,16,1266.24,3,Potential
C01026,3,34,3706.34,2,Loyal
C01027,18,40,4022.53,2,Loyal
C01028,94,9,594.0799999999999,4,At Risk
C01029,221,1,27.3,0,Hibernating
C01030,12,29,2392.54,2,Loyal
C01031,11,19,2218.7,3,Potential
C01032,109,1,87.77,4,At Risk
C01033,21,26,3884.13,2,Loyal
C01034,33,8,393.39,4,At Risk
C01035,4,42,5341.19,2,Loyal
C01036,29,14,1843.79,3,Potential
C01037,72,10,596.4000000000001,4,At Risk
C01038,21,19,2701.2200000000003,3,Potential
C01039,85,17,1705.82,4,At Risk
C01040,11,21,1426.86,3,Potential
C01041,11,42,4343.47,2,Loyal
C01042,6,19,1406.6200000000001,3,Potential
C01043,154,11,1494.06,0,Hibernating
C01044,20,23,2328.77,3,Potential
C01045,4,59,5856.2,1,Champions
C01046,38,9,943.79,3,Potential
C01047,9,23,2530.73,3,Potential
C01048,11,34,4551.94,2,Loyal
C01049,9,28,3341.46,2,Loyal
C01050,5,26,2807.69,2,Loyal
C01051,6,20,2311.89,3,Potential
C01052,4,35,3355.98,2,Loyal
C01053,56,10,843.14,4,At Risk
C01054,8,14,1081.67,3,Potential
C01055,9,89,10201.02,1,Champions
C01056,11,38,3574.4,2,Loyal
C01057,18,13,1169.71,3,Potential
C01058,8,15,1061.24,3,Potential
C01059,28,7,805.5,4,At Risk
C01060,17,13,1591.4,3,Potential
C01061,25,24,3459.46,2,Loyal
C01062,34,11,1102.6,3,Potential
C01063,1,87,9788.94,1,Champions
C01064,22,7,975.64,3,Potential
C01065,58,10,825.02,4,At Risk
C01066,21,15,1102.26,3,Potential
C01067,16,26,2649.7,2,Loyal
C01068,6,12,1488.7,3,Potential
C01069,16,25,2253.34,3,Potential
C01070,45,26,3355.32,2,Loyal
C01071,5,29,2647.67,2,Loyal
C01072,10,18,2545.11,3,Potential
C01073,1,63,5617.34,1,Champions
C01074,5,26,3715.31,2,Loyal
C01075,57,21,1934.75,3,Potential
C01076,1,11,1332.49,3,Potential
C01077,3,17,1253.43,3,Potential
C01078,11,31,3296.04,2,Loyal
C01079,13,24,2041.18,3,Potential
C01080,24,24,2767.41,2,Loyal
C01081,7,83,7048.51,1,Champions
C01082,97,7,873.46,4,At Risk
C01083,7,21,1988.92,3,Potential
C01084,4,53,5834.61,1,Champions
C01085,15,36,2905.92,2,Loyal
C01086,5,4,347.99,4,At Risk
C01087,90,19,2138.32,3,Potential
C01088,83,14,1520.3600000000001,4,At Risk
C01089,14,14,1113.46,3,Potential
C01090,13,16,1446.18,3,Potential
C01091,17,27,2511.0699999999997,2,Loyal
C01092,10,39,2847.59,2,Loyal
C01093,27,15,1239.75,3,Potential
C01094,6,33,3164.9,2,Loyal
C01095,22,28,2355.0,2,Loyal
C01096,4,44,5283.41,2,Loyal
C01097,28,10,851.76,3,Potential
C01098,1,22,2178.4500000000003,3,Potential
C01099,25,9,848.14,3,Potential
C01100,40,21,1929.8300000000002,3,Potential
C01101,20,21,2498.6099999999997,3,Potential
C01102,147,5,716.19,0,Hibernating
C01103,58,17,1161.3,3,Potential
C01104,10,75,7712.0,1,Champions
C01105,34,25,3008.02,2,Loyal
C01106,18,8,984.8199999999999,3,Potential
C01107,11,8,399.59,4,At Risk
C01108,8,22,1865.67,3,Potential
C01109,22,8,571.77,4,At Risk
C01110,1,47,4341.19,2,Loyal
C01111,60,7,505.83,4,At Risk
C01112,5,22,1916.05,3,Potential
C01113,48,3,309.62,4,At Risk
C01114,22,18,1131.9,3,Potential
C01115,36,5,359.35,4,At Risk
C01116,14,40,3358.96,2,Loyal
C01117,1,48,4545.25,2,Loyal
C01118,38,32,3047.34,2,Loyal
C01119,3,40,4298.97,2,Loyal
C01121,1,22,1452.56,3,Potential
C01122,7,27,2003.6,3,Potential
C01123,7,28,2314.02,2,Loyal
C01124,6,31,2937.61,2,Loyal
C01125,9,32,2353.25,2,Loyal
C01126,22,19,1548.4,3,Potential
C01127,48,7,1256.52,3,Potential
C01128,29,14,1933.22,3,Potential
C01129,27,40,3645.47,2,Loyal
C01130,1,48,3469.19,2,Loyal
C01131,14,23,2328.1,3,Potential
C01132,6,38,3602.81,2,Loyal
C01133,12,39,3297.01,2,Loyal
C01134,10,26,5191.12,2,Loyal
C01135,14,46,3927.19,2,Loyal
C01136,10,41,4541.58,2,Loyal
C01137,7,85,7953.18,1,Champions
C01138,35,9,765.53,4,At Risk
C01139,53,18,1904.71,3,Potential
C01140,10,23,3679.96,2,Loyal
C01141,8,84,8807.36,1,Champions
C01142,10,44,4048.67,2,Loyal
C01143,1,44,4272.72,2,Loyal
C01144,4,48,4686.72,2,Loyal
C01145,15,33,3726.44,2,Loyal
C01146,3,13,1040.42,3,Potential
C01147,4,75,7803.95,1,Champions
C01148,3,25,1950.85,3,Potential
C01149,6,49,5446.91,2,Loyal
C01150,84,2,300.46999999999997,4,At Risk
C01151,127,2,121.13,0,Hibernating
C01152,28,15,1998.62,3,Potential
C01153,37,7,339.37,4,At Risk
C01154,23,26,2255.82,3,Potential
C01155,18,9,1144.8799999999999,3,Potential
C01156,19,110,10803.56,1,Champions
C01157,15,42,3644.41,2,Loyal
C01158,16,63,8910.93,1,Champions
C01159,26,3,499.35,4,At Risk
C01160,3,35,3095.5,2,Loyal
C01161,53,13,538.89,4,At Risk
C01162,10,53,4502.3099999999995,1,Champions
C01163,3,38,4270.46,2,Loyal
C01164,1,30,1535.22,3,Potential
C01165,15,6,558.31,4,At Risk
C01166,9,19,1727.3400000000001,3,Potential
C01167,1,46,3694.5099999999998,2,Loyal
C01168,5,65,4669.34,1,Champions
C01169,2,28,2509.25,2,Loyal
C01170,4,102,10199.67,1,Champions
C01171,6,31,3249.0299999999997,2,Loyal
C01172,25,8,1111.78,3,Potential
C01173,52,7,477.43,4,At Risk
C01174,93,16,1598.23,4,At Risk
C01175,5,10,1415.1799999999998,3,Potential
C01176,13,22,2149.75,3,Potential
C01177,57,24,3025.1800000000003,3,Potential
C01178,12,20,2114.58,3,Potential
C01179,56,8,1376.3,3,Potential
C01180,1,33,3190.08,2,Loyal
C01181,3,4,153.56,4,At Risk
C01182,13,39,3526.52,2,Loyal
C01183,321,2,128.81,0,Hibernating
C01184,70,4,295.1,4,At Risk
C01185,86,5,416.61,4,At Risk
C01186,52,12,620.72,4,At Risk
C01187,82,15,1584.74,4,At Risk
C01188,124,9,1359.44,4,At Risk
C01189,2,28,4191.34,2,Loyal
C01190,7,10,1922.35,3,Potential
C01191,44,25,2758.13,3,Potential
C01192,47,2,99.81,4,At Risk
C01193,22,11,665.76,4,At Risk
C01194,15,4,450.1,4,At Risk
C01195,7,41,4203.21,2,Loyal
C01196,17,11,795.58,3,Potential
C01197,5,30,2810.96,2,Loyal
C01198,143,1,222.71,0,Hibernating
C01199,1,61,7324.88,1,Champions
C01200,23,24,2229.75,3,Potential
C01201,4,23,2297.34,3,Potential
C01202,218,3,915.47,0,Hibernating
C01203,50,7,380.62,4,At Risk
C01204,25,15,1289.56,3,Potential
C01205,11,8,726.77,3,Potential
C01206,10,37,3795.25,2,Loyal
C01207,6,20,1629.15,3,Potential
C01208,13,6,304.57,4,At Risk
C01209,7,29,3540.55,2,Loyal
C01210,5,15,1279.92,3,Potential
C01211,2,36,3222.34,2,Loyal
C01212,7,12,829.22,3,Potential
C01213,3,29,3147.82,2,Loyal
C01214,12,16,1483.07,3,Potential
C01215,2,35,2998.27,2,Loyal
C01216,177,1,33.33,0,Hibernating
C01217,61,7,370.46,4,At Risk
C01218,6,23,1757.94,3,Potential
C01219,11,9,986.5999999999999,3,Potential
C01220,65,4,360.74,4,At Risk
C01221,1,32,2685.65,2,Loyal
C01222,8,20,1135.54,3,Potential
C01223,1,23,2496.55,3,Potential
C01224,3,6,1166.01,3,Potential
C01225,148,1,222.03,0,Hibernating
C01226,17,36,2853.68,2,Loyal
C01227,2,71,6406.24,1,Champions
C01228,15,18,2450.35,3,Potential
C01229,38,18,1485.28,3,Potential
C01230,4,25,3023.7,2,Loyal
C01231,2,48,5056.88,2,Loyal
C01232,15,20,1871.1000000000001,3,Potential
C01233,8,32,2453.79,2,Loyal
C01234,5,38,3930.57,2,Loyal
C01235,5,36,3533.77,2,Loyal
C01236,4,12,724.3,3,Potential
C01237,42,14,2459.48,3,Potential
C01238,3,32,3197.46,2,Loyal
C01239,13,50,5687.91,1,Champions
C01240,26,28,2619.91,2,Loyal
C01241,21,39,4128.79,2,Loyal
C01242,6,32,3594.5699999999997,2,Loyal
C01243,3,10,697.85,3,Potential
C01244,2,32,3360.3,2,Loyal
C01245,21,20,1780.65,3,Potential
C01246,51,19,2052.24,3,Potential
C01247,9,21,1436.6,3,Potential
C01248,6,15,1220.13,3,Potential
C01249,7,12,968.97,3,Potential
C01250,16,69,8101.51,1,Champions
C01251,10,28,3170.63,2,Loyal
C01252,2,31,2632.77,2,Loyal
C01253,13,45,4328.23,2,Loyal
C01254,27,24,1808.42,3,Potential
C01255,24,21,1397.41,3,Potential
C01256,22,12,866.33,3,Potential
C01257,14,4,223.55,4,At Risk
C01258,10,35,4128.9,2,Loyal
C01259,5,33,2835.58,2,Loyal
C01260,2,52,4337.61,1,Champions
C01261,1,19,1698.0,3,Potential
C01262,3,75,6385.32,1,Champions
C01263,7,28,2433.22,2,Loyal
C01264,14,22,2659.93,3,Potential
C01265,221,1,167.58,0,Hibernating
C01266,51,12,2478.9500000000003,3,Potential
C01267,2,29,2694.29,2,Loyal
C01268,2,52,5278.3,1,Champions
C01269,4,26,3476.79,2,Loyal
C01270,1,71,6223.66,1,Champions
C01271,13,12,1582.03,3,Potential
C01272,6,27,2654.7400000000002,2,Loyal
C01273,2,21,2821.98,3,Potential
C01274,11,39,3517.01,2,Loyal
C01275,16,21,2760.11,3,Potential
C01276,1,32,3129.33,2,Loyal
C01277,8,11,1411.22,3,Potential
C01278,6,55,4601.03,1,Champions
C01279,4,52,5473.45,1,Champions
C01280,12,22,1920.41,3,Potential
C01281,25,28,3001.99,2,Loyal
C01282,10,52,4972.52,1,Champions
C01283,2,36,3743.84,2,Loyal
C01284,3,96,10577.96,1,Champions
C01285,7,41,3236.2400000000002,2,Loyal
C01286,4,8,957.0799999999999,3,Potential
C01287,17,26,1867.6,3,Potential
C01288,6,35,3358.87,2,Loyal
C01289,3,47,4308.46,2,Loyal
C01290,4,31,2389.41,2,Loyal
C01291,24,6,453.77,4,At Risk
C01292,10,19,1987.22,3,Potential
C01293,35,6,322.72,4,At Risk
C01294,39,18,1677.98,3,Potential
C01295,42,12,1353.5,3,Potential
C01296,14,12,841.89,3,Potential
C01297,1,36,3401.26,2,Loyal
C01298,14,67,6525.34,1,Champions
C01299,27,8,1957.69,3,Potential
C01300,13,26,2364.61,2,Loyal
C01301,3,23,2761.2,2,Loyal
C01302,24,46,4491.82,2,Loyal
C01303,49,15,1554.59,3,Potential
C01304,40,9,829.23,4,At Risk
C01305,8,15,689.5,3,Potential
C01306,1,38,3259.33,2,Loyal
C01307,61,19,1693.8,3,Potential
C01308,18,14,1142.54,3,Potential
C01309,13,13,1376.27,3,Potential
C01310,65,10,673.94,4,At Risk
C01311,24,20,2080.62,3,Potential
C01312,39,13,1391.99,3,Potential
C01313,21,88,8993.37,1,Champions
C01314,95,3,238.5,4,At Risk
C01315,58,6,695.25,4,At Risk
C01316,14,16,1391.73,3,Potential
C01317,23,7,646.5,4,At Risk
C01318,9,26,2194.23,2,Loyal
C01319,5,9,1047.69,3,Potential
C01320,18,2,78.44,4,At Risk
C01321,3,21,1327.92,3,Potential
C01322,23,12,1206.01,3,Potential
C01323,28,9,1102.82,3,Potential
C01324,12,41,2994.14,2,Loyal
C01325,5,26,2582.85,2,Loyal
C01326,16,15,1367.9,3,Potential
C01327,9,24,3291.01,2,Loyal
C01328,6,34,3398.87,2,Loyal
C01329,30,16,1251.17,3,Potential
C01330,39,16,1434.7,3,Potential
C01331,16,27,3294.97,2,Loyal
C01332,32,21,1706.49,3,Potential
C01333,14,7,1090.76,3,Potential
C01334,5,10,611.4,3,Potential
C01335,5,23,2726.25,2,Loyal
C01336,4,45,4195.21,2,Loyal
C01337,31,20,2738.64,3,Potential
C01338,109,6,444.1,4,At Risk
C01339,54,11,1147.49,4,At Risk
C01340,2,29,4021.11,2,Loyal
C01341,11,25,1932.92,3,Potential
C01343,23,10,1306.74,3,Potential
C01344,10,38,2825.73,2,Loyal
C01345,47,7,319.61,4,At Risk
C01346,5,19,2057.53,3,Potential
C01347,4,22,1834.46,3,Potential
C01348,6,9,330.87,4,At Risk
C01349,39,56,5686.95,1,Champions
C01350,5,20,1247.81,3,Potential
C01351,26,18,1648.58,3,Potential
C01352,14,16,2091.97,3,Potential
C01353,23,15,1844.25,3,Potential
C01354,36,5,778.78,4,At Risk
C01355,22,18,1119.38,3,Potential
C01356,98,11,1245.42,4,At Risk
C01357,40,18,2157.3,3,Potential
C01358,3,54,6209.88,1,Champions
C01359,8,23,2289.03,3,Potential
C01360,229,2,29.009999999999998,0,Hibernating
C01361,21,42,3911.99,2,Loyal
C01362,31,16,1806.19,3,Potential
C01363,16,29,3339.89,2,Loyal
C01364,9,17,1899.27,3,Potential
C01365,15,24,1965.9,3,Potential
C01366,44,6,793.3199999999999,4,At Risk
C01367,3,32,2179.9900000000002,2,Loyal
C01368,6,41,4229.41,2,Loyal
C01369,4,7,1019.67,3,Potential
C01370,12,38,3510.44,2,Loyal
C01371,88,9,673.97,4,At Risk
C01372,3,70,8941.89,1,Champions
C01373,3,32,2570.51,2,Loyal
C01374,9,25,3069.8900000000003,2,Loyal
C01375,18,21,1989.57,3,Potential
C01376,12,79,8880.91,1,Champions
C01377,94,8,664.62,4,At Risk
C01378,41,12,948.8599999999999,3,Potential
C01379,22,12,1025.52,3,Potential
C01380,17,32,3593.72,2,Loyal
C01381,8,21,1876.75,3,Potential
C01382,12,25,2170.81,3,Potential
C01383,22,14,1569.5900000000001,3,Potential
C01384,61,14,1013.8100000000001,4,At Risk
C01385,5,12,2438.47,3,Potential
C01386,14,26,2642.11,2,Loyal
C01387,30,26,3034.42,2,Loyal
C01388,4,17,2253.58,3,Potential
C01389,16,35,2418.83,2,Loyal
C01390,62,9,706.35,4,At Risk
C01391,5,14,1579.0700000000002,3,Potential
C01392,19,2,277.15999999999997,4,At Risk
C01393,144,1,399.79,0,Hibernating
C01394,4,18,1561.31,3,Potential
C01395,3,15,1272.92,3,Potential
C01396,9,13,722.98,3,Potential
C01397,2,40,3635.81,2,Loyal
C01398,6,33,3887.38,2,Loyal
C01399,30,22,2900.12,3,Potential
C01400,93,6,479.98,4,At Risk
C01401,17,27,2280.87,2,Loyal
C01402,1,67,7023.0,1,Champions
C01403,9,82,8491.02,1,Champions
C01404,1,40,4037.7200000000003,2,Loyal
C01405,34,8,680.8399999999999,4,At Risk
C01406,78,8,965.5,4,At Risk
C01407,10,22,1650.75,3,Potential
C01408,9,23,1770.24,3,Potential
C01409,2,32,2646.7599999999998,2,Loyal
C01410,8,42,5032.62,2,Loyal
C01411,18,7,289.57,4,At Risk
C01412,8,11,1903.59,3,Potential
C01413,12,45,3163.7200000000003,2,Loyal
C01414,5,48,4694.04,2,Loyal
C01415,12,27,2380.33,2,Loyal
C01416,14,77,9850.31,1,Champions
C01417,5,30,3201.23,2,Loyal
C01418,21,8,657.54,4,At Risk
C01419,8,21,1715.4199999999998,3,Potential
C01420,5,107,11967.48,1,Champions
C01421,129,7,828.36,4,At Risk
C01422,10,56,6317.110000000001,1,Champions
C01423,39,33,4685.81,2,Loyal
C01424,54,11,1295.51,3,Potential
C01425,105,1,18.66,0,Hibernating
C01426,243,1,38.54,0,Hibernating
C01427,5,13,968.15,3,Potential
C01428,14,32,3127.5,2,Loyal
C01429,7,42,3938.46,2,Loyal
C01430,5,30,3796.64,2,Loyal
C01431,58,20,1707.25,3,Potential
C01432,57,22,2408.66,3,Potential
C01433,46,18,2090.73,3,Potential
C01434,10,29,2785.96,2,Loyal
C01435,34,11,802.5999999999999,4,At Risk
C01436,51,9,793.93,4,At Risk
C01437,22,22,2524.91,3,Potential
C01438,3,30,2791.99,2,Loyal
C01439,42,5,481.39,4,At Risk
C01440,94,9,558.29,4,At Risk
C01441,3,25,1931.42,3,Potential
C01442,10,29,2140.53,2,Loyal
C01443,2,19,2114.99,3,Potential
C01444,8,54,4198.69,1,Champions
C01445,284,1,257.92,0,Hibernating
C01446,8,60,6356.27,1,Champions
C01447,6,72,8099.64,1,Champions
C01448,31,30,2810.32,2,Loyal
C01449,8,18,1067.78,3,Potential
C01450,27,8,1265.15,3,Potential
C01451,29,32,3805.89,2,Loyal
C01452,3,26,2616.62,2,Loyal
C01453,5,18,1339.57,3,Potential
C01454,13,38,3117.06,2,Loyal
C01455,26,50,5862.68,1,Champions
C01456,4,56,6125.92,1,Champions
C01457,47,10,1359.57,3,Potential
C01458,5,42,2931.35,2,Loyal
C01459,12,14,1163.35,3,Potential
C01460,4,24,4885.83,2,Loyal
C01461,67,21,1689.26,3,Potential
C01462,1,43,4060.45,2,Loyal
C01463,23,31,3354.77,2,Loyal
C01464,2,13,1041.79,3,Potential
C01465,41,3,154.65,4,At Risk
C01466,10,25,2861.25,2,Loyal
C01467,10,20,2113.92,3,Potential
C01468,41,12,881.5699999999999,4,At Risk
C01469,5,18,1405.5,3,Potential
C01470,8,14,1041.9,3,Potential
C01471,20,57,6105.56,1,Champions
C01472,5,77,8394.92,1,Champions
C01473,1,38,3959.81,2,Loyal
C01474,31,13,852.0899999999999,3,Potential
C01475,9,24,2066.96,3,Potential
C01476,46,7,863.35,4,At Risk
C01477,14,15,942.92,3,Potential
C01478,7,18,1648.99,3,Potential
C01479,29,16,1515.92,3,Potential
C01480,54,7,453.58,4,At Risk
C01481,6,47,5242.51,2,Loyal
C01482,4,48,4260.22,2,Loyal
C01483,1,55,5394.4800000000005,1,Champions
C01484,10,61,4862.0,1,Champions
C01485,10,75,6188.74,1,Champions
C01486,27,11,919.97,3,Potential
C01487,3,76,7680.52,1,Champions
C01488,28,22,2742.48,3,Potential
C01489,2,37,3786.7799999999997,2,Loyal
C01490,37,4,657.3599999999999,4,At Risk
C01491,2,18,1877.25,3,Potential
C01492,9,35,3529.35,2,Loyal
C01493,19,22,2526.91,3,Potential
C01494,29,7,756.51,4,At Risk
C01495,14,16,1666.62,3,Potential
C01496,7,16,1747.0,3,Potential
C01497,1,40,4254.91,2,Loyal
C01498,1,51,4758.48,1,Champions
C01499,50,11,1605.84,3,Potential
C01500,13,22,2056.45,3,Potential
C01501,54,2,400.46000000000004,4,At Risk
C01502,3,19,1913.9099999999999,3,Potential
C01503,2,35,3847.95,2,Loyal
C01504,1,28,2592.77,2,Loyal
C01505,10,21,1758.92,3,Potential
C01506,8,13,1219.75,3,Potential
C01507,12,24,2246.94,3,Potential
C01508,18,20,2092.75,3,Potential
C01509,15,13,1944.48,3,Potential
C01510,30,19,1945.1399999999999,3,Potential
C01511,15,30,2940.2200000000003,2,Loyal
C01512,5,50,5228.7,2,Loyal
C01513,19,11,2860.47,3,Potential
C01514,1,26,2562.77,2,Loyal
C01515,204,4,444.65,0,Hibernating
C01516,125,5,548.12,4,At Risk
C01517,34,18,2057.9,3,Potential
C01518,2,24,2333.7,3,Potential
C01519,5,23,2302.48,3,Potential
C01520,22,18,1488.75,3,Potential
C01521,8,24,2150.5099999999998,3,Potential
C01522,64,14,851.53,4,At Risk
C01523,54,11,1389.29,3,Potential
C01524,53,24,2678.96,3,Potential
C01525,11,9,864.16,3,Potential
C01526,10,7,551.82,4,At Risk
C01527,1,47,3811.15,2,Loyal
C01528,36,7,943.36,4,At Risk
C01529,2,8,577.37,3,Potential
C01530,8,30,4110.7,2,Loyal
C01531,51,18,1737.19,3,Potential
C01532,1,47,4719.88,2,Loyal
C01533,4,9,579.47,3,Potential
C01534,49,10,685.85,4,At Risk
C01535,78,5,497.74,4,At Risk
C01536,122,13,2075.75,4,At Risk
C01537,18,44,6064.3,2,Loyal
C01538,4,19,2010.75,3,Potential
C01539,1,31,3376.32,2,Loyal
C01540,35,17,944.85,3,Potential
C01541,1,33,3522.22,2,Loyal
C01542,26,9,1486.61,3,Potential
C01543,8,43,4965.87,2,Loyal
C01544,9,37,3766.39,2,Loyal
C01545,11,38,3731.09,2,Loyal
C01546,29,17,2879.73,3,Potential
C01547,11,5,349.44,4,At Risk
C01548,1,26,1535.21,3,Potential
C01549,17,34,3480.41,2,Loyal
C01550,6,28,3232.37,2,Loyal
C01551,15,18,1454.63,3,Potential
C01552,6,22,2863.17,2,Loyal
C01553,105,6,1573.44,4,At Risk
C01554,70,8,1097.95,4,At Risk
C01555,114,5,227.22,4,At Risk
C01556,14,50,5264.46,2,Loyal
C01557,3,60,5182.18,1,Champions
C01558,1,116,11461.02,1,Champions
C01559,14,22,3826.93,2,Loyal
C01560,10,22,2268.53,3,Potential
C01561,24,16,1070.9,3,Potential
C01562,16,20,1631.16,3,Potential
C01563,2,9,443.85,4,At Risk
C01564,29,21,2638.88,3,Potential
C01565,44,10,1050.64,3,Potential
C01566,27,12,1395.1399999999999,3,Potential
C01567,37,8,1184.66,3,Potential
C01568,16,22,2772.27,3,Potential
C01569,1,37,2639.37,2,Loyal
C01570,3,28,2954.52,2,Loyal
C01571,11,9,756.65,3,Potential
C01572,83,4,213.25,4,At Risk
C01573,19,26,3102.6800000000003,2,Loyal
C01574,20,12,1427.7499999999998,3,Potential
C01575,271,3,127.17,0,Hibernating
C01576,10,19,2764.85,3,Potential
C01577,5,36,3795.86,2,Loyal
C01578,45,4,443.21000000000004,4,At Risk
C01579,10,23,2162.14,3,Potential
C01580,7,6,522.92,4,At Risk
C01581,57,9,809.29,4,At Risk
C01582,71,4,344.74,4,At Risk
C01583,51,11,1192.21,3,Potential
C01584,68,5,426.78,4,At Risk
C01585,1,37,3201.0499999999997,2,Loyal
C01586,9,18,2173.73,3,Potential
C01587,32,11,1454.36,3,Potential
C01588,15,55,4255.74,1,Champions
C01589,2,39,3857.57,2,Loyal
C01590,10,18,1975.3400000000001,3,Potential
C01591,6,26,1736.46,3,Potential
C01592,62,12,1165.08,4,At Risk
C01593,24,25,2878.17,2,Loyal
C01594,7,6,797.8,3,Potential
C01595,22,29,3150.8199999999997,2,Loyal
C01596,6,53,5848.099999999999,1,Champions
C01597,2,37,4950.16,2,Loyal
C01598,34,21,1336.01,3,Potential
C01599,24,2,181.06,4,At Risk
C01600,18,12,771.27,3,Potential
